-- phpMyAdmin SQL Dump
-- version 5.2.0
-- https://www.phpmyadmin.net/
--
-- Host: 127.0.0.1
-- Generation Time: Apr 24, 2023 at 08:49 AM
-- Server version: 10.4.27-MariaDB
-- PHP Version: 8.1.12

SET SQL_MODE = "NO_AUTO_VALUE_ON_ZERO";
START TRANSACTION;
SET time_zone = "+00:00";


/*!40101 SET @OLD_CHARACTER_SET_CLIENT=@@CHARACTER_SET_CLIENT */;
/*!40101 SET @OLD_CHARACTER_SET_RESULTS=@@CHARACTER_SET_RESULTS */;
/*!40101 SET @OLD_COLLATION_CONNECTION=@@COLLATION_CONNECTION */;
/*!40101 SET NAMES utf8mb4 */;

--
-- Database: `firsttouch`
--

-- --------------------------------------------------------

--
-- Table structure for table `clockin`
--

CREATE TABLE `clockin` (
  `id` int(11) NOT NULL,
  `status` int(255) NOT NULL,
  `userId` int(255) NOT NULL,
  `clockInTime` varchar(1000) NOT NULL,
  `clockInAvg` varchar(1000) NOT NULL,
  `break` varchar(1000) DEFAULT NULL,
  `date` varchar(1000) NOT NULL,
  `clockOutTime` varchar(1000) DEFAULT NULL
) ENGINE=InnoDB DEFAULT CHARSET=utf8mb4 COLLATE=utf8mb4_general_ci;

--
-- Dumping data for table `clockin`
--

INSERT INTO `clockin` (`id`, `status`, `userId`, `clockInTime`, `clockInAvg`, `break`, `date`, `clockOutTime`) VALUES
(1, 0, 18, '2023-01-25T11:41:18.453Z', '1', '0', '1/25/2023', '0'),
(3, 0, 35, '2023-01-25T16:49:13.612Z', '1', '0', '1/25/2023', '0'),
(4, 0, 39, '2023-01-25T16:53:47.739Z', '1344.49', '0', '1/25/2023', '0'),
(6, 0, 60, '2023-01-25T17:26:48.753Z', '1', '0', '1/25/2023', '0'),
(16, 0, 18, '2023-01-27T09:00:21.003Z', '-30', '30', '1/27/2023', '0'),
(20, 0, 47, '2023-01-30T12:42:59.336Z', '54.378', '0', '1/30/2023', '0'),
(23, 0, 18, '2023-01-30T15:11:32.039Z', '33.461', '0', '1/30/2023', '0'),
(29, 0, 35, '2023-01-31T08:07:35.804Z', '16070.246', '0', '1/31/2023', '0'),
(31, 1, 18, '2023-01-31T08:39:03.678Z', '0', '0', '1/31/2023', '0'),
(32, 1, 59, '2023-01-31T08:55:15.721Z', '19.899', '0', '1/31/2023', '0'),
(33, 0, 35, '2023-02-06T08:49:00.165Z', '0', NULL, '2/2/2023', '0'),
(34, 1, 35, '2023-02-06T08:51:02.842Z', '24.691', '0', '2/6/2023', '0'),
(35, 0, 35, '2023-02-13T10:37:50.928Z', '0', NULL, '2/13/2023', '0'),
(36, 0, 35, '2023-04-17T13:14:43.918Z', '76.093', '4', '4/17/2023', '0'),
(37, 1, 35, '2023-04-19T13:11:07.422Z', '95.99', '0', '4/19/2023', '0'),
(38, 1, 18, '2023-04-19T13:31:32.070Z', '29.361', '0', '4/19/2023', '2023-04-19T14:57:59.808Z'),
(39, 0, 59, '2023-04-19T13:39:24.534Z', '0', NULL, '4/19/2023', ''),
(40, 1, 59, '2023-04-19T13:50:45.198Z', '0', '0', '4/19/2023', ''),
(41, 0, 59, '2023-04-19T13:56:31.846Z', '0', NULL, '4/19/2023', ''),
(42, 1, 59, '2023-04-19T14:01:30.431Z', '0', '0', '4/19/2023', ''),
(43, 1, 18, '2023-04-19T14:12:25.214Z', '29.361', '0', '4/19/2023', '2023-04-19T14:57:59.808Z'),
(44, 1, 18, '2023-04-19T14:19:21.294Z', '29.361', '0', '4/19/2023', '2023-04-19T14:57:59.808Z'),
(45, 1, 18, '2023-04-19T14:21:26.998Z', '29.361', '0', '4/19/2023', '2023-04-19T14:57:59.808Z'),
(46, 1, 18, '2023-04-19T14:26:54.471Z', '29.361', '0', '4/19/2023', '2023-04-19T14:57:59.808Z'),
(48, 1, 18, '2023-04-19T14:35:29.647Z', '29.361', '0', '4/19/2023', '2023-04-19T14:57:59.808Z'),
(49, 1, 18, '2023-04-19T14:38:48.072Z', '29.361', '0', '4/19/2023', '2023-04-19T14:57:59.808Z'),
(50, 1, 18, '2023-04-19T14:42:01.117Z', '29.361', '0', '4/19/2023', '2023-04-19T14:57:59.808Z'),
(51, 1, 18, '2023-04-19T14:43:55.118Z', '29.361', '0', '4/19/2023', '2023-04-19T14:57:59.808Z'),
(52, 1, 18, '2023-04-19T14:45:06.082Z', '29.361', '0', '4/19/2023', '2023-04-19T14:57:59.808Z'),
(53, 1, 18, '2023-04-19T14:45:22.182Z', '29.361', '0', '4/19/2023', '2023-04-19T14:57:59.808Z'),
(54, 1, 18, '2023-04-19T14:46:50.064Z', '29.361', '0', '4/19/2023', '2023-04-19T14:57:59.808Z'),
(55, 1, 18, '2023-04-19T14:46:54.081Z', '29.361', '0', '4/19/2023', '2023-04-19T14:57:59.808Z'),
(56, 1, 18, '0', '29.361', '0', '4/19/2023', '2023-04-19T14:57:59.808Z'),
(57, 1, 18, '', '29.361', '0', '4/19/2023', '2023-04-19T14:57:59.808Z'),
(58, 1, 18, '2023-04-19T14:57:14.921Z', '29.361', '0', '4/19/2023', '2023-04-19T14:57:59.808Z'),
(59, 1, 18, '2023-04-19T14:57:15.447Z', '29.361', '0', '4/19/2023', '2023-04-19T14:57:59.808Z'),
(60, 0, 18, '2023-04-19T14:59:48.007Z', '0', '0', '4/19/2023', NULL),
(61, 0, 18, '2023-04-19T15:00:02.840Z', '0', NULL, '4/19/2023', NULL),
(62, 0, 18, '2023-04-19T15:06:27.097Z', '0', '0', '4/19/2023', NULL),
(63, 1, 18, '2023-04-19T15:07:16.481Z', '18.064', '0', '4/19/2023', '2023-04-19T15:07:41.238Z'),
(64, 1, 18, '2023-04-19T15:09:25.432Z', '19.718', '0', '4/19/2023', '2023-04-19T15:09:54.120Z'),
(65, 0, 18, '2023-04-19T18:05:01.023Z', '0', '0', '4/19/2023', NULL),
(66, 1, 18, '2023-04-19T18:16:16.534Z', '14.645', '0', '4/19/2023', '2023-04-19T18:16:39.305Z'),
(67, 1, 18, '2023-04-19T18:19:30.955Z', '9.629', '0', '4/19/2023', '2023-04-19T18:19:46.690Z'),
(68, 1, 18, '2023-04-19T18:21:36.179Z', '27.634', '0', '4/19/2023', '2023-04-19T18:22:17.035Z'),
(69, 1, 18, '2023-04-19T18:24:50.332Z', '8.787', '0', '4/19/2023', '2023-04-19T18:25:34.435Z'),
(70, 1, 18, '2023-04-19T18:27:52.436Z', '5.218', '0', '4/19/2023', '2023-04-19T18:28:03.712Z'),
(71, 0, 18, '2023-04-19T18:29:26.948Z', '0', NULL, '4/19/2023', NULL),
(72, 1, 18, '2023-04-19T18:30:41.477Z', '17.964', '0', '4/20/2023', '2023-04-19T18:31:22.844Z'),
(73, 1, 18, '2023-04-19T18:42:36.885Z', '37.344', '0', '4/20/2023', '2023-04-19T18:43:21.244Z'),
(74, 1, 18, '2023-04-19T18:44:26.086Z', '5.079', '0', '4/20/2023', '2023-04-19T18:44:40.108Z'),
(75, 1, 18, '2023-04-19T18:45:01.410Z', '9.736', '0', '4/20/2023', '2023-04-19T18:45:24.660Z'),
(76, 1, 18, '2023-04-19T18:46:25.886Z', '10.053', '0', '4/20/2023', '2023-04-19T18:46:51.620Z'),
(77, 1, 18, '2023-04-19T18:53:08.412Z', '10.129', '0', '4/20/2023', '2023-04-19T18:53:29.212Z'),
(78, 0, 18, '2023-04-19T19:24:01.026Z', '0', '0', '4/20/2023', NULL),
(79, 1, 18, '2023-04-20T05:41:56.349Z', '9.439', '0', '4/20/2023', '2023-04-20T05:42:07.580Z'),
(80, 1, 18, '2023-04-20T07:35:56.454Z', '6.176', '0', '4/20/2023', '2023-04-20T07:36:04.221Z'),
(81, 1, 18, '2023-04-20T07:41:10.263Z', '9.453', '0', '4/20/2023', '2023-04-20T07:41:21.958Z'),
(82, 1, 18, '2023-04-20T07:43:15.701Z', '8.422', '0', '4/20/2023', '2023-04-20T07:43:41.037Z'),
(83, 1, 18, '2023-04-20T07:50:09.685Z', '6.488', '0', '4/20/2023', '2023-04-20T07:50:26.998Z'),
(84, 1, 18, '2023-04-20T07:56:44.238Z', '4.571', '0', '4/20/2023', '2023-04-20T07:57:15.254Z'),
(85, 1, 18, '2023-04-20T07:58:53.021Z', '6.6', '0', '4/20/2023', '2023-04-20T07:59:07.173Z'),
(86, 1, 18, '2023-04-20T08:02:01.086Z', '10.797', '0', '4/20/2023', '2023-04-20T08:02:23.213Z'),
(87, 1, 18, '2023-04-20T08:14:17.677Z', '7.085', '0', '4/20/2023', '2023-04-20T08:14:31.951Z'),
(88, 1, 18, '2023-04-20T08:17:55.415Z', '20.798', '0', '4/20/2023', '2023-04-20T08:18:23.455Z'),
(89, 1, 18, '2023-04-20T08:27:23.407Z', '5.285', '0', '4/20/2023', '2023-04-20T08:27:51.152Z'),
(90, 1, 18, '2023-04-20T08:30:15.327Z', '5.693', '0', '4/20/2023', '2023-04-20T08:30:25.982Z'),
(91, 1, 18, '2023-04-20T08:33:20.014Z', '13.07', '0', '4/20/2023', '2023-04-20T08:33:34.109Z'),
(92, 1, 18, '2023-04-20T08:38:28.536Z', '6.642', '0', '4/20/2023', '2023-04-20T08:38:37.816Z'),
(93, 1, 18, '2023-04-20T08:41:01.023Z', '24.781', '0', '4/20/2023', '2023-04-20T08:41:26.984Z'),
(94, 0, 18, '2023-04-20T08:42:54.367Z', '0', NULL, '4/20/2023', NULL),
(95, 1, 18, '2023-04-20T08:43:31.441Z', '11.294', '0', '4/20/2023', '2023-04-20T08:43:44.212Z'),
(96, 0, 18, '2023-04-20T08:45:48.781Z', '0', '0', '4/20/2023', NULL),
(97, 0, 18, '2023-04-20T10:53:21.885Z', '0', '0', '4/20/2023', NULL),
(98, 1, 18, '2023-04-20T14:35:59.920Z', '5.887', '0', '4/20/2023', '2023-04-20T14:36:07.870Z'),
(99, 1, 18, '2023-04-20T14:37:25.998Z', '8.068', '0', '4/20/2023', '2023-04-20T14:37:36.039Z'),
(100, 1, 18, '2023-04-21T09:47:30.653Z', '15.21', '0', '4/21/2023', '2023-04-21T09:47:49.242Z'),
(101, 1, 18, '2023-04-21T10:18:22.934Z', '51.641999999999996', '8.337', '4/21/2023', '2023-04-21T10:19:24.329Z'),
(102, 1, 18, '2023-04-21T10:19:46.745Z', '21.133', '0', '4/21/2023', '2023-04-21T10:20:09.779Z'),
(103, 1, 18, '2023-04-24T04:08:16.915Z', '272.402', '0', '4/24/2023', '2023-04-24T04:12:53.330Z'),
(104, 1, 18, '2023-04-24T04:14:34.580Z', '197.636', '0', '4/24/2023', '2023-04-24T04:17:54.186Z'),
(105, 1, 18, '2023-04-24T04:19:16.663Z', '91.253', '0', '4/24/2023', '2023-04-24T04:20:50.311Z'),
(106, 1, 18, '2023-04-24T04:27:03.565Z', '103.484', '0', '4/24/2023', '2023-04-24T04:28:49.215Z'),
(107, 1, 18, '2023-04-24T04:30:45.146Z', '2.895', '0', '4/24/2023', '2023-04-24T04:30:53.986Z'),
(108, 1, 18, '2023-04-24T04:33:13.478Z', '18.259', '0', '4/24/2023', '2023-04-24T04:33:34.578Z'),
(109, 1, 18, '2023-04-24T04:34:55.017Z', '34.367', '0', '4/24/2023', '2023-04-24T04:35:31.209Z'),
(110, 1, 18, '2023-04-24T04:36:26.263Z', '551.008', '0', '4/24/2023', '2023-04-24T04:45:38.284Z'),
(111, 0, 18, '2023-04-24T04:52:12.946Z', '0', '0', '4/24/2023', NULL),
(112, 1, 18, '2023-04-24T05:33:12.275Z', '8.177', '0', '4/24/2023', '2023-04-24T05:33:21.866Z'),
(113, 1, 18, '2023-04-24T06:14:02.398Z', '4.554', '0', '4/24/2023', '2023-04-24T06:14:09.347Z'),
(114, 1, 35, '2023-04-24T06:18:31.955Z', '97.752', '0', '4/24/2023', '2023-04-24T06:20:11.027Z'),
(115, 1, 35, '2023-04-24T06:20:54.789Z', '15.509', '0', '4/24/2023', '2023-04-24T06:21:23.326Z'),
(116, 1, 35, '2023-04-24T06:22:59.147Z', '8.254', '0', '4/24/2023', '2023-04-24T06:23:08.514Z');

-- --------------------------------------------------------

--
-- Table structure for table `loggedduration`
--

CREATE TABLE `loggedduration` (
  `id` int(11) NOT NULL,
  `userId` int(11) NOT NULL,
  `date` varchar(45) NOT NULL,
  `duration` varchar(45) NOT NULL
) ENGINE=InnoDB DEFAULT CHARSET=utf8mb4 COLLATE=utf8mb4_general_ci;

--
-- Dumping data for table `loggedduration`
--

INSERT INTO `loggedduration` (`id`, `userId`, `date`, `duration`) VALUES
(3, 18, '4/21/2023', '3819.4790000000003'),
(4, 18, '4/20/2023', '1.5799999999999992'),
(5, 18, '4/24/2023', '2169.888'),
(6, 35, '4/24/2023', '113.261');

-- --------------------------------------------------------

--
-- Table structure for table `task`
--

CREATE TABLE `task` (
  `userId` int(255) DEFAULT NULL,
  `taskId` varchar(1000) DEFAULT NULL,
  `todo` varchar(1000) NOT NULL,
  `start` varchar(1000) NOT NULL,
  `end` varchar(1000) NOT NULL,
  `date` varchar(1000) NOT NULL,
  `clockInAvg` varchar(1000) NOT NULL
) ENGINE=InnoDB DEFAULT CHARSET=utf8mb4 COLLATE=utf8mb4_general_ci;

--
-- Dumping data for table `task`
--

INSERT INTO `task` (`userId`, `taskId`, `todo`, `start`, `end`, `date`, `clockInAvg`) VALUES
(35, NULL, 'qww', '2023-01-17T07:00:00.262Z', '2023-01-17T06:30:00.062Z', '2023-01-17T15:41:50.826Z', ''),
(35, NULL, '', '2023-01-17T07:00:00.262Z', '2023-01-17T01:30:00.062Z', '2023-01-17T15:42:04.623Z', ''),
(35, NULL, '', '2023-01-16T21:30:00.262Z', '2023-01-17T01:30:00.062Z', '2023-01-17T15:42:10.339Z', ''),
(35, NULL, 'q', '2023-01-16T21:30:00.262Z', '2023-01-17T01:30:00.062Z', '2023-01-17T15:42:35.885Z', ''),
(35, NULL, 'dd', '2023-01-16T21:30:00.262Z', '2023-01-17T01:30:00.062Z', '2023-01-17T15:43:10.495Z', ''),
(35, NULL, 'q', '2023-01-16T21:30:00.262Z', '2023-01-17T01:30:00.062Z', '2023-01-17T15:44:09.203Z', ''),
(11, NULL, 'setdata', '2023-01-23T22:00:00.701Z', '2023-01-24T02:30:00.155Z', '2023-01-24T07:45:19.345Z', ''),
(11, NULL, 'fgdgh', '2023-01-23T19:00:00.701Z', '2023-01-23T23:30:00.155Z', '2023-01-24T07:47:40.341Z', ''),
(11, NULL, 'checking', '2023-01-23T22:30:00.471Z', '2023-01-24T02:30:00.758Z', '2023-01-24T07:53:48.849Z', ''),
(11, NULL, 'check', '2023-01-23T23:30:00.107Z', '2023-01-24T02:30:00.756Z', '2023-01-24T07:59:31.123Z', ''),
(11, NULL, 'dvfh', '2023-01-23T22:30:00.766Z', '2023-01-24T00:00:00.874Z', '2023-01-24T08:09:22.347Z', ''),
(11, NULL, 'sdfhjs', '2023-01-24T00:00:00.302Z', '2023-01-24T03:00:00.115Z', '2023-01-24T08:12:58.900Z', ''),
(11, NULL, 'testing', '2023-01-23T22:30:00.121Z', '2023-01-24T00:00:00.982Z', '2023-01-24T08:14:04.809Z', ''),
(11, NULL, 'adding task for testing', '2023-01-24T05:30:00.325Z', '2023-01-24T08:30:00.686Z', '2023-01-24T09:09:54.824Z', ''),
(11, NULL, 'testing', '2023-01-24T00:30:00.395Z', '2023-01-24T02:30:00.354Z', '2023-01-24T09:17:16.387Z', ''),
(11, NULL, 'add task testing', '2023-01-24T00:00:00.474Z', '2023-01-24T04:00:00.208Z', '2023-01-24T09:22:35.894Z', ''),
(11, NULL, 'testin', '2023-01-24T00:00:00.864Z', '2023-01-24T02:00:00.477Z', '2023-01-24T09:31:07.226Z', ''),
(11, 'task event-1674552865673', 'task event', '2023-01-24T00:30:00.478Z', '2023-01-24T04:00:00.010Z', '2023-01-24T09:34:25.673Z', ''),
(11, 'add-1674555365664', 'add', '2023-01-24T04:30:00.250Z', '2023-01-24T08:30:00.799Z', '2023-01-24T10:16:05.664Z', ''),
(11, 'testing data-1674555615096', 'testing data', '2023-01-24T01:00:00.558Z', '2023-01-24T04:30:00.472Z', '1/24/2023', ''),
(11, 'test-1674555810580', 'test', '2023-01-24T02:30:00.336Z', '2023-01-24T04:00:00.264Z', '1/24/2023', ''),
(59, 'test data-1674664675584', 'test data', '2023-01-25T07:30:00.047Z', '2023-01-25T10:00:00.049Z', '1/25/2023', ''),
(18, 'select-1674810587869', 'select', '2023-01-27T00:00:00.511Z', '2023-01-27T05:00:00.651Z', '1/27/2023', ''),
(18, 'date-1675066867495', 'date', '2023-01-30T00:00:00.556Z', '2023-01-30T03:30:00.503Z', '1/30/2023', ''),
(18, 'gdfg-1675066919808', 'gdfg', '2023-01-29T19:30:00.556Z', '2023-01-29T20:00:00.503Z', '1/30/2023', ''),
(18, 'start-1675071124294', 'start', '2023-01-30T02:30:00.926Z', '2023-01-30T05:30:00.322Z', '1/30/2023', ''),
(35, 'add task-1675155765223', 'add task', '2023-01-31T00:30:00.962Z', '2023-01-31T05:30:00.804Z', '1/31/2023', ''),
(35, 'add task-1675155939032', 'add task', '2023-01-31T00:30:00.962Z', '2023-01-31T05:30:00.804Z', '1/31/2023', ''),
(35, 'last test-1675156725460', 'last test', '2023-01-31T05:30:00.349Z', '2023-01-31T08:30:00.197Z', '1/31/2023', ''),
(35, 'last test-1675157094213', 'last test', '2023-01-31T05:30:00.349Z', '2023-01-31T08:30:00.197Z', '1/31/2023', ''),
(35, 'test-1681329362906', 'test', '2023-04-12T18:30:00.280Z', '2023-04-12T23:00:00.386Z', '4/13/2023', ''),
(18, 'fhdjjf-1681642278350', 'fhdjjf', '2023-04-16T02:00:00.162Z', '2023-04-16T07:00:00.144Z', '4/16/2023', ''),
(35, 'fghf-1681720071143', 'fghf', '2023-04-16T18:30:00.493Z', '2023-04-17T00:30:00.659Z', '4/17/2023', ''),
(35, 'ghdjfgdj-1681727584414', 'ghdjfgdj', '2023-04-17T03:30:00.370Z', '2023-04-17T08:30:00.616Z', '4/17/2023', ''),
(35, 'hjgjhg-1681728509418', 'hjgjhg', '2023-04-17T06:30:00.023Z', '2023-04-17T10:00:00.281Z', '4/17/2023', ''),
(35, 'hh-1681728555934', 'hh', '2023-04-17T06:30:00.023Z', '2023-04-17T10:00:00.281Z', '4/17/2023', ''),
(35, 'gdhsgh-1681752177494', 'gdhsgh', '2023-04-17T08:00:00.441Z', '2023-04-17T10:30:00.845Z', '4/17/2023', ''),
(35, 'gdhsgh-1681752216221', 'gdhsgh', '2023-04-16T22:30:00.441Z', '2023-04-17T07:30:00.845Z', '4/17/2023', ''),
(35, 'bdcccd-1681752233904', 'bdcccd', '2023-04-17T08:30:00.250Z', '2023-04-17T15:00:00.564Z', '4/17/2023', ''),
(35, 'bdcccd-1681752247591', 'bdcccd', '2023-04-16T23:30:00.250Z', '2023-04-17T14:00:00.564Z', '4/17/2023', ''),
(35, 'abc-1681752306508', 'abc', '2023-04-17T08:00:00.976Z', '2023-04-17T09:30:00.082Z', '4/17/2023', ''),
(35, 'abcfb-1681752352241', 'abcfb', '2023-04-17T08:00:00.976Z', '2023-04-17T09:30:00.082Z', '4/17/2023', ''),
(35, 'abc-1681752370556', 'abc', '2023-04-17T09:00:00.538Z', '2023-04-17T14:30:00.672Z', '4/17/2023', ''),
(35, 'aaaaaaaaaa-1681803764836', 'aaaaaaaaaa', '2023-04-17T22:30:00.872Z', '2023-04-18T04:00:00.425Z', '4/18/2023', ''),
(35, 'aaaaaaaaaabbbbbbbbbbbbbbbbb-1681803787644', 'aaaaaaaaaabbbbbbbbbbbbbbbbb', '2023-04-17T18:30:00.872Z', '2023-04-18T01:30:00.425Z', '4/18/2023', ''),
(35, 'a-1681804527648', 'a', '2023-04-18T01:30:00.455Z', '2023-04-18T07:30:00.532Z', '4/18/2023', ''),
(35, 'a-1681804582150', 'a', '2023-04-18T00:00:00.143Z', '2023-04-18T06:00:00.426Z', '4/18/2023', ''),
(35, 'abha-1681807685870', 'abha', '2023-04-17T23:30:00.864Z', '2023-04-18T06:00:00.648Z', '4/18/2023', ''),
(35, 'aa-1681807760890', 'aa', '2023-04-18T01:30:00.689Z', '2023-04-18T07:30:00.783Z', '4/18/2023', ''),
(35, 'Testing-1681808414108', 'Testing', '2023-04-17T19:00:00.542Z', '2023-04-18T07:00:00.113Z', '4/18/2023', ''),
(35, 'Testing Start-1681808441602', 'Testing Start', '2023-04-17T18:30:00.542Z', '2023-04-18T14:30:00.113Z', '4/18/2023', ''),
(35, 'Start-1681808889882', 'Start', '2023-04-17T23:30:00.801Z', '2023-04-18T00:30:00.803Z', '4/18/2023', ''),
(35, 'Testing-1681808906783', 'Testing', '2023-04-17T19:00:00.801Z', '2023-04-18T01:00:00.803Z', '4/18/2023', ''),
(35, 'Start-1681808949814', 'Start', '2023-04-17T23:30:00.801Z', '2023-04-18T01:00:00.803Z', '4/18/2023', ''),
(35, 'editId-1681809397624', 'editId', '2023-04-18T03:00:00.152Z', '2023-04-18T08:30:00.438Z', '4/18/2023', ''),
(35, 'editIdToDo-1681809441215', 'editIdToDo', '2023-04-18T06:00:00.438Z', '2023-04-18T11:00:00.438Z', '4/18/2023', ''),
(35, 'addtask-1681840271031', 'addtask', '2023-04-18T17:50:20.615Z', '2023-04-18T17:50:55.926Z', '4/18/2023', ''),
(35, 'hye-1681898620456', 'hye', '2023-04-19T10:03:21.698Z', '2023-04-19T10:03:36.641Z', '4/19/2023', ''),
(35, 'add-1681909951901', 'add', '2023-04-19T13:11:07.422Z', '2023-04-19T13:11:02.572Z', '4/19/2023', ''),
(35, 'add-1681909971286', 'add', '2023-04-19T13:11:07.422Z', '2023-04-19T13:12:45.270Z', '4/19/2023', ''),
(18, 'add-1681917002127', 'add', '2023-04-19T15:09:25.432Z', '2023-04-19T15:09:54.120Z', '4/19/2023', ''),
(18, 'Gone-1681929096148', 'Gone', '2023-04-19T18:30:41.477Z', '2023-04-19T18:31:22.844Z', '4/20/2023', ''),
(18, 'add to work-1681969333195', 'add to work', '2023-04-20T05:41:56.349Z', '2023-04-20T05:42:07.580Z', '4/20/2023', '9.439'),
(18, 'Duration-1681976165479', 'Duration', '2023-04-20T07:35:56.454Z', '2023-04-20T07:36:04.221Z', '4/20/2023', '6.176'),
(18, 'Add task to do-1681976634238', 'Add task to do', '2023-04-20T07:43:15.701Z', '2023-04-20T07:43:41.037Z', '4/20/2023', '8.422'),
(18, 'Review-1681977443951', 'Review', '2023-04-20T07:56:44.238Z', '2023-04-20T07:57:15.254Z', '4/20/2023', '4.571'),
(18, 'hy-1681977580302', 'hy', '2023-04-20T07:58:53.021Z', '2023-04-20T07:59:07.173Z', '4/20/2023', '6.6'),
(18, 'Hye-1681977783374', 'Hye', '2023-04-20T08:02:01.086Z', '2023-04-20T08:02:23.213Z', '4/20/2023', '10.797'),
(18, 'Hye everyone-1681978729629', 'Hye everyone', '2023-04-20T08:17:55.415Z', '2023-04-20T08:18:23.455Z', '4/20/2023', '20.798'),
(18, 'testing-1681979428161', 'testing', '2023-04-20T08:30:15.327Z', '2023-04-20T08:30:25.982Z', '4/20/2023', '5.693'),
(18, 'Check data-1681979617703', 'Check data', '2023-04-20T08:33:20.014Z', '2023-04-20T08:33:34.109Z', '4/20/2023', '13.07'),
(18, 'Start testing project.-1682070474419', 'Start testing project.', '2023-04-21T09:47:30.653Z', '2023-04-21T09:47:49.242Z', '4/21/2023', '15.21'),
(18, 'Make video for demonstration-1682072349180', 'Make video for demonstration', '2023-04-21T10:18:22.934Z', '2023-04-21T09:47:49.242Z', '4/21/2023', '15.21'),
(18, 'Add Project to Review.-1682309903950', 'Add Project to Review.', '2023-04-24T04:14:34.580Z', '2023-04-24T04:17:54.186Z', '4/24/2023', '197.636'),
(18, 'Check chart in project.-1682310111020', 'Check chart in project.', '2023-04-24T04:19:16.663Z', '2023-04-24T04:20:50.311Z', '4/24/2023', '91.253'),
(18, 'Edit task.-1682310548557', 'Edit task.', '2023-04-24T04:27:03.565Z', '2023-04-24T04:28:49.215Z', '4/24/2023', '103.484'),
(18, 'Hi-1682310657257', 'Hi', '2023-04-24T04:30:45.146Z', '2023-04-24T04:30:53.986Z', '4/24/2023', '2.895'),
(18, 'Check chart function-1682310823172', 'Check chart function', '2023-04-24T04:33:13.478Z', '2023-04-24T04:33:34.578Z', '4/24/2023', '18.259'),
(18, 'Final testing-1682310934459', 'Final testing', '2023-04-24T04:34:55.017Z', '2023-04-24T04:35:31.209Z', '4/24/2023', '34.367'),
(18, 'Code review-1682314404960', 'Code review', '2023-04-24T05:33:12.275Z', '2023-04-24T05:33:21.866Z', '4/24/2023', '8.177'),
(18, 'Add task to do-1682316850390', 'Add task to do', '2023-04-24T06:14:02.398Z', '2023-04-24T06:14:09.347Z', '4/24/2023', '4.554'),
(35, 'Add Task to do-1682317212070', 'Add Task to do', '2023-04-24T06:18:31.955Z', '2023-04-24T06:20:11.027Z', '4/24/2023', '97.752'),
(35, 'Code review.-1682317285433', 'Code review.', '2023-04-24T06:20:54.789Z', '2023-04-24T06:21:23.326Z', '4/24/2023', '15.509');

-- --------------------------------------------------------

--
-- Table structure for table `users`
--

CREATE TABLE `users` (
  `idusers` int(11) NOT NULL,
  `firstName` varchar(45) NOT NULL,
  `lastName` varchar(45) NOT NULL,
  `email` varchar(45) NOT NULL,
  `password` varchar(45) NOT NULL
) ENGINE=InnoDB DEFAULT CHARSET=utf8mb4 COLLATE=utf8mb4_general_ci;

--
-- Dumping data for table `users`
--

INSERT INTO `users` (`idusers`, `firstName`, `lastName`, `email`, `password`) VALUES
(2, 'gfdhg', 'gfhdgh', 'dfghs', 'fghj'),
(3, 'Shivani', 'Upadhyay', 'mfsi.shivaniu@gmail.com', 'shivani'),
(4, 'Shivani', 'Upadhyay', 'mfsi.shivaniu@gmail.com', ''),
(5, 'shi', 'vani', 'shivaniupadhyay71@gmail.com', 'shivai'),
(6, 'a', 'b', 'av@gmail.com', 'a'),
(7, '', '', '', ''),
(8, 'SDE', '', '', ''),
(9, 'Shivani', 'Upadhyay', 'mfsi.shivaniu@gmail.com', 'admin'),
(10, '', '', '', ''),
(11, 'Qwerty', 'asdf', 'ki@kibizsystems.com', 'asdf'),
(12, 'Shivani', 'Upadhyay', 'mfsi.shivaniu@gmail.com', 'asdf'),
(13, '', 'b', 'mfsi.shivaniu@gmail.com', 'asdf'),
(14, '', 'b', 'mfsi.shivaniu@gmail.com', 'gdfjh'),
(15, 'dfghgf', 'Upadhyay', '', ''),
(16, 'svs', '', '', ''),
(17, 'hdfghg', 'hdgfh', 'dfghdg', 'fghdgf'),
(18, 'anaya', 'Upadhyay', 'shubham.upadhyay@newsnation.in', 'anaya'),
(19, 'Shivani', 'Upadhyay', 'shubham.upadhyay@newsnation.in', 'abcd'),
(20, 'saurav', 'sharma', 'ss@gmail.com', 'saurav'),
(21, 'saurav', 'sharma', 'ss@gmail.com', 'saurav'),
(22, 'saurav', 'sharma', 'ss@gmail.com', 'saurav'),
(23, 'saurav', 'sharma', 'ss@gmail.com', 'saurav'),
(24, 'devid', 'gorge', 'devid@gmail.com', 'devid'),
(25, 'devid', 'gorge', 'devid@gmail.com', 'devid'),
(26, 'David', 'Ibrahim', 'di@gmail.com', 'shivani'),
(27, 'David', 'Ibrahim', 'di@gmail.com', 'shivani'),
(28, 'Ankita', 'Patra', 'anki@gmail.com', 'anki'),
(29, 'Ankita', 'Patra', 'anki@gmail.com', 'anki'),
(30, 'Ankita', 'Patra', 'anki@gmail.com', 'anki'),
(31, 'Ankita', 'Patra', 'anki@gmail.com', 'anki'),
(32, 'dshj', 'dfs', 'sdfh', 'dg'),
(33, 'First', 'Last', 'fl@gmail.com', 'first'),
(34, 'First', 'Last', 'fl@gmail.com', 'first'),
(35, 's', 's', 's', 's'),
(36, 's', 's', 's', 's'),
(37, 's', 's', 's', 's'),
(38, 's', 's', 's', 's'),
(39, 'Kiara', 'Kd', 'kd@gmail.com', 'kd'),
(40, 'Elbert', 'Hawkin', 'eh@gmail.com', 'elbert'),
(41, 'Qwerty', 'Upadhyay', 'mfsi.shivaniu@gmail.com', 'qwerty'),
(42, 'Qwerty', 'Upadhyay', 'mfsi.shivaniu@gmail.com', 'qwerty'),
(43, 'Qwerty', 'Upadhyay', 'mfsi.shivaniu@gmail.com', 'qwerty'),
(44, 'hbfvh', 'f', 'hfgh', 'h'),
(45, 'hbfvh', 'f', 'hfgh', 'h'),
(46, 'd', 'hv', 'v', 'bnv'),
(47, 'd', 'd', 'd', 'd'),
(48, 'd', 'd', 'd', 'd'),
(49, 'sgj', 'fh', 'fhgf', 'hff'),
(50, 'sgj', 'fh', 'fhgf', 'hff'),
(51, 'vdb', 'vbn', 'cnvn', 'xvbn'),
(52, 'vc', 'v', 'bvbvv', 'bvbvb'),
(53, 'hghg', 'hgjhghg', 'gjgg', 'jjg'),
(54, 'hghg', 'hgjhghg', 'gjgg', 'jjg'),
(55, 'hghg', 'hgjhghg', 'gjgg', 'jjg'),
(56, 'ghg', 'hghgh', 'ghg', 'gjg'),
(57, 'vh', 'vhhvh', 'vhv', 'vhv'),
(58, 'vh', 'vhvhv', 'v', 'vhv'),
(59, 'a', 'a', 'a', 'a'),
(60, 'Nick', 'Jones', 'nick@gmail.com', 'nick');

--
-- Indexes for dumped tables
--

--
-- Indexes for table `clockin`
--
ALTER TABLE `clockin`
  ADD PRIMARY KEY (`id`);

--
-- Indexes for table `loggedduration`
--
ALTER TABLE `loggedduration`
  ADD PRIMARY KEY (`id`);

--
-- Indexes for table `users`
--
ALTER TABLE `users`
  ADD PRIMARY KEY (`idusers`);

--
-- AUTO_INCREMENT for dumped tables
--

--
-- AUTO_INCREMENT for table `clockin`
--
ALTER TABLE `clockin`
  MODIFY `id` int(11) NOT NULL AUTO_INCREMENT, AUTO_INCREMENT=117;

--
-- AUTO_INCREMENT for table `loggedduration`
--
ALTER TABLE `loggedduration`
  MODIFY `id` int(11) NOT NULL AUTO_INCREMENT, AUTO_INCREMENT=7;

--
-- AUTO_INCREMENT for table `users`
--
ALTER TABLE `users`
  MODIFY `idusers` int(11) NOT NULL AUTO_INCREMENT, AUTO_INCREMENT=61;
COMMIT;

/*!40101 SET CHARACTER_SET_CLIENT=@OLD_CHARACTER_SET_CLIENT */;
/*!40101 SET CHARACTER_SET_RESULTS=@OLD_CHARACTER_SET_RESULTS */;
/*!40101 SET COLLATION_CONNECTION=@OLD_COLLATION_CONNECTION */;
